session_id,feature_name,usage_timestamp
38,ai_assistant,2025-09-01 13:41:27
211,dashboard_view,2025-09-01 15:17:35
626,dashboard_view,2025-09-02 10:47:46
440,document_analysis,2025-09-02 14:40:43
399,ai_assistant,2025-09-02 17:56:33
438,ai_assistant,2025-09-03 10:12:09
439,dashboard_view,2025-09-03 16:24:00
409,document_analysis,2025-09-03 19:44:54
408,email_automation,2025-09-03 20:18:22
408,ai_assistant,2025-09-03 20:36:22
410,ai_assistant,2025-09-04 14:33:41
410,document_analysis,2025-09-04 14:37:41
230,email_automation,2025-09-04 15:55:40
230,team_collaboration,2025-09-04 16:09:40
411,email_automation,2025-09-04 16:29:03
231,dashboard_view,2025-09-04 21:21:06
231,document_analysis,2025-09-04 21:40:06
666,dashboard_view,2025-09-05 08:11:39
666,team_collaboration,2025-09-05 08:14:39
656,document_analysis,2025-09-05 08:27:50
412,dashboard_view,2025-09-05 09:30:12
412,email_automation,2025-09-05 09:35:12
593,ai_assistant,2025-09-05 11:03:55
368,document_analysis,2025-09-05 11:14:18
121,custom_workflows,2025-09-05 11:42:39
783,data_export,2025-09-05 11:44:47
121,dashboard_view,2025-09-05 11:55:39
121,analytics_deep_dive,2025-09-05 11:57:39
783,document_analysis,2025-09-05 12:04:47
783,custom_workflows,2025-09-05 12:11:47
199,analytics_deep_dive,2025-09-05 12:18:39
199,api_integration,2025-09-05 12:19:39
199,dashboard_view,2025-09-05 12:20:39
580,dashboard_view,2025-09-05 12:35:07
580,team_collaboration,2025-09-05 12:40:07
212,ai_assistant,2025-09-05 13:12:35
490,dashboard_view,2025-09-05 14:00:00
490,custom_workflows,2025-09-05 14:04:00
323,ai_assistant,2025-09-05 14:05:32
625,ai_assistant,2025-09-05 16:46:21
782,document_analysis,2025-09-05 17:56:39
782,custom_workflows,2025-09-05 18:05:39
667,dashboard_view,2025-09-05 18:07:38
120,api_integration,2025-09-05 19:02:30
120,analytics_deep_dive,2025-09-05 19:07:30
579,team_collaboration,2025-09-05 19:32:46
579,email_automation,2025-09-05 19:35:46
491,data_export,2025-09-05 20:21:32
491,analytics_deep_dive,2025-09-05 20:22:32
491,document_analysis,2025-09-05 20:22:32
255,ai_assistant,2025-09-06 09:46:53
400,sales_insights,2025-09-06 13:58:27
265,ai_assistant,2025-09-06 14:23:40
747,sales_insights,2025-09-06 14:28:48
730,custom_workflows,2025-09-06 16:32:01
730,data_export,2025-09-06 16:38:01
414,dashboard_view,2025-09-06 16:52:06
414,email_automation,2025-09-06 16:53:06
763,dashboard_view,2025-09-06 17:15:22
581,email_automation,2025-09-06 21:30:33
581,dashboard_view,2025-09-06 22:00:33
413,email_automation,2025-09-06 22:01:10
413,document_analysis,2025-09-06 22:28:10
726,document_analysis,2025-09-07 10:48:25
404,document_analysis,2025-09-07 11:46:05
200,analytics_deep_dive,2025-09-07 11:47:30
657,sales_insights,2025-09-07 11:51:23
200,data_export,2025-09-07 12:02:30
200,api_integration,2025-09-07 12:06:30
305,team_collaboration,2025-09-07 12:06:38
305,dashboard_view,2025-09-07 12:10:38
201,custom_workflows,2025-09-07 15:28:54
201,dashboard_view,2025-09-07 15:46:54
201,api_integration,2025-09-07 15:49:54
764,ai_assistant,2025-09-07 16:25:58
304,dashboard_view,2025-09-07 16:44:39
294,ai_assistant,2025-09-07 17:34:12
748,document_analysis,2025-09-08 08:22:11
233,document_analysis,2025-09-08 08:25:46
686,data_export,2025-09-08 08:52:24
686,analytics_deep_dive,2025-09-08 08:53:24
686,document_analysis,2025-09-08 09:01:24
122,document_analysis,2025-09-08 10:07:26
122,dashboard_view,2025-09-08 10:28:26
25,team_collaboration,2025-09-08 10:37:30
25,document_analysis,2025-09-08 10:39:30
731,data_export,2025-09-08 10:39:49
731,custom_workflows,2025-09-08 10:42:49
731,dashboard_view,2025-09-08 11:06:49
685,custom_workflows,2025-09-08 11:13:46
685,api_integration,2025-09-08 11:13:46
685,dashboard_view,2025-09-08 11:17:46
442,document_analysis,2025-09-08 11:28:31
492,document_analysis,2025-09-08 12:56:54
369,dashboard_view,2025-09-08 13:09:21
492,analytics_deep_dive,2025-09-08 13:11:54
563,ai_assistant,2025-09-08 13:50:33
695,document_analysis,2025-09-08 14:07:49
24,email_automation,2025-09-08 14:09:43
24,ai_assistant,2025-09-08 14:09:43
695,api_integration,2025-09-08 14:31:49
395,dashboard_view,2025-09-08 14:43:44
493,document_analysis,2025-09-08 15:22:53
493,analytics_deep_dive,2025-09-08 15:24:53
493,api_integration,2025-09-08 15:41:53
637,ai_assistant,2025-09-08 16:30:22
107,team_collaboration,2025-09-08 16:34:12
106,team_collaboration,2025-09-08 19:39:32
106,email_automation,2025-09-08 20:04:32
232,ai_assistant,2025-09-08 20:31:07
232,document_analysis,2025-09-08 20:42:07
694,analytics_deep_dive,2025-09-08 21:14:16
694,data_export,2025-09-08 21:17:16
694,custom_workflows,2025-09-08 21:35:16
202,analytics_deep_dive,2025-09-08 22:07:54
202,dashboard_view,2025-09-08 22:15:54
687,document_analysis,2025-09-09 08:13:04
687,dashboard_view,2025-09-09 08:27:04
198,ai_assistant,2025-09-09 10:09:23
124,custom_workflows,2025-09-09 11:19:34
124,analytics_deep_dive,2025-09-09 11:41:34
668,dashboard_view,2025-09-09 12:11:08
267,dashboard_view,2025-09-09 12:14:43
668,document_analysis,2025-09-09 12:15:08
267,document_analysis,2025-09-09 12:15:43
331,email_automation,2025-09-09 12:59:34
331,dashboard_view,2025-09-09 13:04:34
332,document_analysis,2025-09-09 13:11:58
123,document_analysis,2025-09-09 15:14:55
389,document_analysis,2025-09-09 15:19:54
123,dashboard_view,2025-09-09 15:33:55
266,email_automation,2025-09-09 16:44:46
168,dashboard_view,2025-09-09 17:07:18
266,team_collaboration,2025-09-09 17:07:46
168,document_analysis,2025-09-09 17:23:18
168,analytics_deep_dive,2025-09-09 17:31:18
443,document_analysis,2025-09-09 17:44:29
443,dashboard_view,2025-09-09 17:48:29
27,dashboard_view,2025-09-10 11:38:44
27,ai_assistant,2025-09-10 11:46:44
777,dashboard_view,2025-09-10 12:30:59
732,custom_workflows,2025-09-10 13:39:41
732,api_integration,2025-09-10 13:44:41
610,ai_assistant,2025-09-10 15:42:16
445,dashboard_view,2025-09-10 17:39:10
445,ai_assistant,2025-09-10 17:44:10
101,ai_assistant,2025-09-10 17:45:29
444,dashboard_view,2025-09-10 18:39:16
444,team_collaboration,2025-09-10 18:41:16
26,ai_assistant,2025-09-10 20:20:10
26,email_automation,2025-09-10 20:25:10
405,ai_assistant,2025-09-10 20:28:48
146,analytics_deep_dive,2025-09-11 08:42:56
146,dashboard_view,2025-09-11 08:46:56
146,custom_workflows,2025-09-11 08:47:56
749,sales_insights,2025-09-11 08:53:26
204,analytics_deep_dive,2025-09-11 09:34:45
204,api_integration,2025-09-11 09:44:45
680,document_analysis,2025-09-11 11:57:45
306,ai_assistant,2025-09-11 13:33:37
614,dashboard_view,2025-09-11 13:39:23
306,document_analysis,2025-09-11 13:40:37
28,ai_assistant,2025-09-11 14:07:13
375,ai_assistant,2025-09-11 15:17:27
615,document_analysis,2025-09-11 16:32:24
203,custom_workflows,2025-09-11 16:43:21
203,dashboard_view,2025-09-11 16:55:21
545,data_export,2025-09-11 17:53:54
545,document_analysis,2025-09-11 17:54:54
545,dashboard_view,2025-09-11 17:57:54
546,data_export,2025-09-11 17:58:58
546,analytics_deep_dive,2025-09-11 17:59:58
546,document_analysis,2025-09-11 18:03:58
29,ai_assistant,2025-09-11 18:23:14
29,email_automation,2025-09-11 18:27:14
307,email_automation,2025-09-11 18:41:48
396,document_analysis,2025-09-11 18:43:44
108,team_collaboration,2025-09-11 19:13:23
108,ai_assistant,2025-09-11 19:23:23
147,custom_workflows,2025-09-11 21:38:43
147,data_export,2025-09-11 21:53:43
147,api_integration,2025-09-11 22:04:43
334,ai_assistant,2025-09-12 08:19:42
334,document_analysis,2025-09-12 08:42:42
583,document_analysis,2025-09-12 08:59:48
583,dashboard_view,2025-09-12 09:11:48
149,dashboard_view,2025-09-12 09:35:55
149,custom_workflows,2025-09-12 09:40:55
205,data_export,2025-09-12 09:42:55
205,analytics_deep_dive,2025-09-12 09:45:55
234,email_automation,2025-09-12 10:04:48
234,dashboard_view,2025-09-12 10:16:48
282,sales_insights,2025-09-12 11:16:32
333,team_collaboration,2025-09-12 11:29:46
206,data_export,2025-09-12 13:37:16
206,dashboard_view,2025-09-12 13:47:16
206,analytics_deep_dive,2025-09-12 14:01:16
627,dashboard_view,2025-09-12 14:43:53
37,ai_assistant,2025-09-12 15:19:05
110,dashboard_view,2025-09-12 15:38:07
110,team_collaboration,2025-09-12 15:42:07
582,ai_assistant,2025-09-12 15:48:31
733,document_analysis,2025-09-12 16:34:16
148,analytics_deep_dive,2025-09-12 16:49:35
148,document_analysis,2025-09-12 16:50:35
733,analytics_deep_dive,2025-09-12 16:59:16
148,data_export,2025-09-12 17:10:35
238,email_automation,2025-09-12 17:21:20
564,ai_assistant,2025-09-12 17:53:23
109,document_analysis,2025-09-12 18:31:40
681,ai_assistant,2025-09-12 20:05:56
390,document_analysis,2025-09-12 20:08:47
460,ai_assistant,2025-09-13 08:05:30
213,ai_assistant,2025-09-13 08:42:13
415,document_analysis,2025-09-13 09:46:43
125,document_analysis,2025-09-13 09:55:34
415,dashboard_view,2025-09-13 10:00:43
125,dashboard_view,2025-09-13 10:19:34
170,data_export,2025-09-13 10:42:45
283,ai_assistant,2025-09-13 10:59:04
170,analytics_deep_dive,2025-09-13 11:02:45
416,team_collaboration,2025-09-13 11:11:34
416,dashboard_view,2025-09-13 11:15:34
30,document_analysis,2025-09-13 11:24:01
30,ai_assistant,2025-09-13 11:33:01
376,sales_insights,2025-09-13 11:42:13
185,dashboard_view,2025-09-13 12:11:33
185,email_automation,2025-09-13 12:56:33
451,document_analysis,2025-09-13 13:05:48
451,ai_assistant,2025-09-13 13:27:48
594,dashboard_view,2025-09-13 14:04:43
594,document_analysis,2025-09-13 14:12:43
150,dashboard_view,2025-09-13 14:25:36
397,dashboard_view,2025-09-13 14:33:18
150,analytics_deep_dive,2025-09-13 14:33:36
151,custom_workflows,2025-09-13 14:37:54
452,document_analysis,2025-09-13 14:42:13
151,dashboard_view,2025-09-13 14:42:54
452,dashboard_view,2025-09-13 14:59:13
126,custom_workflows,2025-09-13 16:07:01
584,dashboard_view,2025-09-13 16:07:10
126,dashboard_view,2025-09-13 16:10:01
126,api_integration,2025-09-13 16:33:01
669,dashboard_view,2025-09-13 16:55:42
669,ai_assistant,2025-09-13 16:57:42
169,custom_workflows,2025-09-13 17:13:13
670,ai_assistant,2025-09-13 17:16:34
169,dashboard_view,2025-09-13 17:19:13
778,document_analysis,2025-09-13 19:20:41
186,team_collaboration,2025-09-13 20:08:25
31,dashboard_view,2025-09-13 20:56:03
152,document_analysis,2025-09-14 09:06:09
127,analytics_deep_dive,2025-09-14 09:06:22
127,data_export,2025-09-14 09:11:22
239,dashboard_view,2025-09-14 09:14:22
152,data_export,2025-09-14 09:15:09
152,dashboard_view,2025-09-14 09:18:09
422,dashboard_view,2025-09-14 11:40:58
240,email_automation,2025-09-14 11:54:02
240,dashboard_view,2025-09-14 12:06:02
481,ai_assistant,2025-09-14 12:34:41
481,email_automation,2025-09-14 12:35:41
586,dashboard_view,2025-09-14 13:46:22
236,team_collaboration,2025-09-14 14:26:35
284,dashboard_view,2025-09-14 15:38:06
153,analytics_deep_dive,2025-09-14 15:52:39
153,custom_workflows,2025-09-14 16:06:39
153,document_analysis,2025-09-14 16:17:39
697,data_export,2025-09-14 16:33:38
697,analytics_deep_dive,2025-09-14 16:35:38
639,document_analysis,2025-09-14 16:52:09
639,custom_workflows,2025-09-14 16:54:09
373,ai_assistant,2025-09-14 17:41:45
235,team_collaboration,2025-09-14 17:42:06
482,email_automation,2025-09-14 17:49:37
696,document_analysis,2025-09-14 18:19:18
696,analytics_deep_dive,2025-09-14 18:25:18
696,data_export,2025-09-14 18:26:18
256,team_collaboration,2025-09-14 18:35:19
214,email_automation,2025-09-14 18:38:25
336,team_collaboration,2025-09-14 18:45:08
336,email_automation,2025-09-14 19:04:08
638,analytics_deep_dive,2025-09-14 19:26:09
638,document_analysis,2025-09-14 19:26:09
441,dashboard_view,2025-09-14 20:14:54
671,ai_assistant,2025-09-14 20:53:32
335,team_collaboration,2025-09-14 21:10:44
672,team_collaboration,2025-09-14 21:35:42
585,document_analysis,2025-09-14 21:50:55
585,ai_assistant,2025-09-14 22:12:55
699,api_integration,2025-09-15 08:43:02
698,dashboard_view,2025-09-15 08:45:31
698,data_export,2025-09-15 08:47:31
699,document_analysis,2025-09-15 08:53:02
699,data_export,2025-09-15 08:54:02
562,ai_assistant,2025-09-15 09:27:27
495,analytics_deep_dive,2025-09-15 09:41:56
495,custom_workflows,2025-09-15 09:55:56
547,dashboard_view,2025-09-15 11:08:00
547,data_export,2025-09-15 11:16:00
595,document_analysis,2025-09-15 11:40:30
734,api_integration,2025-09-15 12:58:34
734,analytics_deep_dive,2025-09-15 13:02:34
140,sales_insights,2025-09-15 13:26:44
316,sales_insights,2025-09-15 13:41:48
1,dashboard_view,2025-09-15 14:12:05
494,analytics_deep_dive,2025-09-15 14:38:39
711,ai_assistant,2025-09-15 14:50:30
494,dashboard_view,2025-09-15 14:58:39
735,dashboard_view,2025-09-15 15:06:45
735,document_analysis,2025-09-15 15:09:45
735,analytics_deep_dive,2025-09-15 15:24:45
171,custom_workflows,2025-09-15 15:33:00
171,api_integration,2025-09-15 15:39:00
548,analytics_deep_dive,2025-09-15 15:43:21
548,custom_workflows,2025-09-15 15:49:21
548,document_analysis,2025-09-15 16:04:21
417,ai_assistant,2025-09-15 16:09:14
74,data_export,2025-09-15 16:30:11
74,custom_workflows,2025-09-15 16:37:11
74,api_integration,2025-09-15 16:43:11
596,team_collaboration,2025-09-15 17:07:58
596,email_automation,2025-09-15 17:29:58
727,document_analysis,2025-09-15 18:25:13
102,sales_insights,2025-09-15 19:18:38
73,analytics_deep_dive,2025-09-15 19:28:20
73,api_integration,2025-09-15 20:05:20
377,sales_insights,2025-09-15 20:34:45
640,api_integration,2025-09-15 20:56:48
640,analytics_deep_dive,2025-09-15 20:59:48
662,dashboard_view,2025-09-15 21:54:23
765,dashboard_view,2025-09-16 08:57:30
688,analytics_deep_dive,2025-09-16 09:04:08
688,dashboard_view,2025-09-16 09:11:08
597,dashboard_view,2025-09-16 09:12:22
688,document_analysis,2025-09-16 09:18:08
597,email_automation,2025-09-16 09:30:22
383,document_analysis,2025-09-16 09:30:52
383,custom_workflows,2025-09-16 09:30:52
549,data_export,2025-09-16 09:37:30
406,document_analysis,2025-09-16 10:01:57
549,document_analysis,2025-09-16 10:29:30
382,dashboard_view,2025-09-16 11:37:16
382,data_export,2025-09-16 11:46:16
382,api_integration,2025-09-16 11:47:16
588,dashboard_view,2025-09-16 11:54:23
378,sales_insights,2025-09-16 12:14:37
689,dashboard_view,2025-09-16 12:45:41
689,custom_workflows,2025-09-16 12:46:41
380,dashboard_view,2025-09-16 13:02:33
75,data_export,2025-09-16 14:15:28
701,data_export,2025-09-16 14:22:40
701,document_analysis,2025-09-16 14:25:40
75,api_integration,2025-09-16 14:26:28
75,custom_workflows,2025-09-16 14:31:28
317,dashboard_view,2025-09-16 14:59:45
587,document_analysis,2025-09-16 15:10:54
62,document_analysis,2025-09-16 15:22:08
172,analytics_deep_dive,2025-09-16 15:23:50
587,ai_assistant,2025-09-16 15:31:54
172,custom_workflows,2025-09-16 15:47:50
611,dashboard_view,2025-09-16 16:23:32
673,document_analysis,2025-09-16 16:42:58
446,team_collaboration,2025-09-16 17:08:23
673,ai_assistant,2025-09-16 17:13:58
550,document_analysis,2025-09-16 17:22:08
512,custom_workflows,2025-09-16 17:49:30
512,document_analysis,2025-09-16 17:50:30
550,data_export,2025-09-16 17:52:08
453,ai_assistant,2025-09-16 18:14:13
453,document_analysis,2025-09-16 18:24:13
750,document_analysis,2025-09-16 20:00:14
173,document_analysis,2025-09-16 20:07:21
173,analytics_deep_dive,2025-09-16 20:23:21
173,data_export,2025-09-16 20:26:21
700,data_export,2025-09-16 20:45:32
700,api_integration,2025-09-16 20:50:32
700,dashboard_view,2025-09-16 20:56:32
76,data_export,2025-09-16 21:44:19
76,analytics_deep_dive,2025-09-16 21:50:19
76,api_integration,2025-09-16 22:06:19
712,team_collaboration,2025-09-17 08:09:15
287,team_collaboration,2025-09-17 08:35:35
46,data_export,2025-09-17 08:41:08
155,document_analysis,2025-09-17 08:45:51
46,api_integration,2025-09-17 08:46:08
287,dashboard_view,2025-09-17 08:46:35
111,ai_assistant,2025-09-17 08:48:33
155,data_export,2025-09-17 08:51:51
327,dashboard_view,2025-09-17 08:51:59
155,api_integration,2025-09-17 08:52:51
111,document_analysis,2025-09-17 08:58:33
2,dashboard_view,2025-09-17 10:20:19
286,email_automation,2025-09-17 11:31:58
45,dashboard_view,2025-09-17 12:59:34
45,data_export,2025-09-17 13:05:34
45,document_analysis,2025-09-17 13:14:34
496,analytics_deep_dive,2025-09-17 13:57:18
496,dashboard_view,2025-09-17 14:12:18
702,data_export,2025-09-17 14:59:02
702,api_integration,2025-09-17 15:01:02
702,document_analysis,2025-09-17 15:02:02
269,ai_assistant,2025-09-17 15:14:42
269,email_automation,2025-09-17 15:16:42
370,document_analysis,2025-09-17 15:31:47
154,analytics_deep_dive,2025-09-17 15:40:20
154,document_analysis,2025-09-17 15:41:20
154,api_integration,2025-09-17 15:55:20
3,document_analysis,2025-09-17 16:19:11
3,email_automation,2025-09-17 16:21:11
728,dashboard_view,2025-09-17 17:07:12
268,team_collaboration,2025-09-17 20:04:35
268,dashboard_view,2025-09-17 20:08:35
484,team_collaboration,2025-09-17 20:14:26
484,ai_assistant,2025-09-17 20:19:26
665,dashboard_view,2025-09-17 21:09:01
483,dashboard_view,2025-09-17 21:53:46
483,team_collaboration,2025-09-17 21:55:46
703,dashboard_view,2025-09-18 08:26:54
660,document_analysis,2025-09-18 08:30:58
464,dashboard_view,2025-09-18 08:34:37
703,document_analysis,2025-09-18 08:41:54
47,document_analysis,2025-09-18 09:31:41
565,dashboard_view,2025-09-18 09:41:25
47,analytics_deep_dive,2025-09-18 09:41:41
47,dashboard_view,2025-09-18 09:42:41
497,document_analysis,2025-09-18 09:54:45
498,document_analysis,2025-09-18 10:02:37
498,custom_workflows,2025-09-18 10:05:37
498,api_integration,2025-09-18 10:10:37
497,data_export,2025-09-18 10:17:45
497,analytics_deep_dive,2025-09-18 10:20:45
401,ai_assistant,2025-09-18 13:42:25
599,ai_assistant,2025-09-18 14:34:09
216,dashboard_view,2025-09-18 14:42:46
663,sales_insights,2025-09-18 14:57:07
407,dashboard_view,2025-09-18 15:50:54
357,ai_assistant,2025-09-18 15:56:26
48,dashboard_view,2025-09-18 16:00:11
48,document_analysis,2025-09-18 16:18:11
713,document_analysis,2025-09-18 16:34:08
379,dashboard_view,2025-09-18 17:14:56
32,team_collaboration,2025-09-18 17:48:37
215,email_automation,2025-09-18 18:52:29
215,document_analysis,2025-09-18 18:57:29
714,document_analysis,2025-09-18 19:23:40
598,dashboard_view,2025-09-18 19:39:16
690,api_integration,2025-09-18 19:41:24
598,ai_assistant,2025-09-18 19:42:16
690,document_analysis,2025-09-18 19:42:24
690,custom_workflows,2025-09-18 19:46:24
163,dashboard_view,2025-09-18 19:57:07
714,dashboard_view,2025-09-18 19:58:40
658,sales_insights,2025-09-18 20:46:10
33,email_automation,2025-09-18 21:24:24
141,ai_assistant,2025-09-18 21:26:29
33,ai_assistant,2025-09-18 21:53:24
472,team_collaboration,2025-09-18 21:54:12
472,ai_assistant,2025-09-18 22:04:12
704,analytics_deep_dive,2025-09-18 22:05:12
704,document_analysis,2025-09-18 22:20:12
704,data_export,2025-09-18 22:23:12
343,email_automation,2025-09-19 09:01:17
343,ai_assistant,2025-09-19 09:02:17
682,document_analysis,2025-09-19 09:37:26
257,dashboard_view,2025-09-19 09:48:10
270,email_automation,2025-09-19 10:06:47
418,ai_assistant,2025-09-19 10:19:17
257,ai_assistant,2025-09-19 10:26:10
258,dashboard_view,2025-09-19 10:48:58
174,data_export,2025-09-19 11:02:41
174,api_integration,2025-09-19 11:03:41
195,document_analysis,2025-09-19 11:22:44
526,api_integration,2025-09-19 11:31:27
526,data_export,2025-09-19 11:35:27
241,dashboard_view,2025-09-19 11:39:48
526,analytics_deep_dive,2025-09-19 11:46:27
358,ai_assistant,2025-09-19 12:01:23
664,dashboard_view,2025-09-19 12:02:32
628,team_collaboration,2025-09-19 12:03:12
542,sales_insights,2025-09-19 12:29:25
344,document_analysis,2025-09-19 13:11:25
164,sales_insights,2025-09-19 13:27:20
391,dashboard_view,2025-09-19 13:30:48
251,ai_assistant,2025-09-19 13:40:58
242,dashboard_view,2025-09-19 14:01:32
525,document_analysis,2025-09-19 14:58:38
525,data_export,2025-09-19 15:04:38
320,sales_insights,2025-09-19 15:09:18
568,custom_workflows,2025-09-19 15:30:10
568,api_integration,2025-09-19 15:38:10
568,document_analysis,2025-09-19 15:39:10
337,team_collaboration,2025-09-19 15:44:33
706,custom_workflows,2025-09-19 15:56:06
752,data_export,2025-09-19 16:00:02
752,custom_workflows,2025-09-19 16:05:02
752,api_integration,2025-09-19 16:12:02
706,dashboard_view,2025-09-19 16:24:06
706,analytics_deep_dive,2025-09-19 16:25:06
629,document_analysis,2025-09-19 16:41:34
779,dashboard_view,2025-09-19 16:47:58
616,team_collaboration,2025-09-19 17:12:37
589,email_automation,2025-09-19 17:15:36
674,team_collaboration,2025-09-19 17:21:23
589,ai_assistant,2025-09-19 17:23:36
616,email_automation,2025-09-19 17:23:37
674,document_analysis,2025-09-19 17:34:23
419,document_analysis,2025-09-19 17:46:35
590,email_automation,2025-09-19 17:48:53
419,dashboard_view,2025-09-19 17:49:35
513,api_integration,2025-09-19 18:33:37
513,custom_workflows,2025-09-19 18:42:37
485,team_collaboration,2025-09-19 20:40:11
485,ai_assistant,2025-09-19 20:41:11
705,custom_workflows,2025-09-19 20:53:33
705,analytics_deep_dive,2025-09-19 20:54:33
705,data_export,2025-09-19 21:01:33
784,data_export,2025-09-20 08:18:44
784,document_analysis,2025-09-20 08:19:44
784,analytics_deep_dive,2025-09-20 08:20:44
486,team_collaboration,2025-09-20 08:52:36
338,ai_assistant,2025-09-20 09:16:39
338,team_collaboration,2025-09-20 09:24:39
244,email_automation,2025-09-20 09:25:54
244,document_analysis,2025-09-20 09:35:54
724,document_analysis,2025-09-20 10:31:06
372,dashboard_view,2025-09-20 10:45:07
487,team_collaboration,2025-09-20 10:48:43
339,dashboard_view,2025-09-20 11:13:16
339,ai_assistant,2025-09-20 11:24:16
618,team_collaboration,2025-09-20 11:44:09
308,email_automation,2025-09-20 11:44:44
308,document_analysis,2025-09-20 11:47:44
49,data_export,2025-09-20 11:54:25
618,ai_assistant,2025-09-20 12:07:09
785,analytics_deep_dive,2025-09-20 12:10:19
49,api_integration,2025-09-20 12:11:25
49,analytics_deep_dive,2025-09-20 12:13:25
527,api_integration,2025-09-20 12:36:35
527,dashboard_view,2025-09-20 12:40:35
785,dashboard_view,2025-09-20 12:48:19
176,document_analysis,2025-09-20 12:58:40
176,analytics_deep_dive,2025-09-20 13:01:40
785,document_analysis,2025-09-20 13:02:19
402,sales_insights,2025-09-20 15:04:42
751,document_analysis,2025-09-20 15:22:47
468,ai_assistant,2025-09-20 15:35:20
65,dashboard_view,2025-09-20 16:02:04
65,analytics_deep_dive,2025-09-20 16:10:04
65,custom_workflows,2025-09-20 16:14:04
653,document_analysis,2025-09-20 16:25:02
617,team_collaboration,2025-09-20 16:32:54
736,api_integration,2025-09-20 16:38:27
617,email_automation,2025-09-20 16:40:54
736,analytics_deep_dive,2025-09-20 16:42:27
34,dashboard_view,2025-09-20 17:08:53
465,dashboard_view,2025-09-20 17:12:16
767,ai_assistant,2025-09-20 17:23:53
630,email_automation,2025-09-20 17:26:40
767,team_collaboration,2025-09-20 17:33:53
50,api_integration,2025-09-20 17:36:46
50,data_export,2025-09-20 17:43:46
50,document_analysis,2025-09-20 17:45:46
34,ai_assistant,2025-09-20 17:53:53
766,team_collaboration,2025-09-20 18:07:27
515,api_integration,2025-09-20 18:09:11
515,document_analysis,2025-09-20 18:14:11
324,sales_insights,2025-09-20 19:14:43
142,sales_insights,2025-09-20 19:15:59
143,ai_assistant,2025-09-20 19:22:38
437,dashboard_view,2025-09-20 19:27:33
243,team_collaboration,2025-09-20 19:36:58
528,analytics_deep_dive,2025-09-20 19:46:46
514,document_analysis,2025-09-20 19:47:00
321,dashboard_view,2025-09-20 19:47:46
514,custom_workflows,2025-09-20 19:49:00
528,dashboard_view,2025-09-20 19:51:46
243,email_automation,2025-09-20 19:51:58
514,api_integration,2025-09-20 20:06:00
528,data_export,2025-09-20 20:08:46
64,analytics_deep_dive,2025-09-20 20:09:02
309,dashboard_view,2025-09-20 20:22:23
64,document_analysis,2025-09-20 20:31:02
64,dashboard_view,2025-09-20 20:35:02
217,team_collaboration,2025-09-20 20:41:33
217,document_analysis,2025-09-20 20:55:33
175,analytics_deep_dive,2025-09-20 21:15:42
175,document_analysis,2025-09-20 21:17:42
175,dashboard_view,2025-09-20 21:28:42
237,document_analysis,2025-09-20 22:44:47
188,team_collaboration,2025-09-21 08:32:12
259,document_analysis,2025-09-21 08:44:05
165,sales_insights,2025-09-21 09:10:08
218,ai_assistant,2025-09-21 09:16:14
642,analytics_deep_dive,2025-09-21 09:40:31
274,analytics_deep_dive,2025-09-21 09:43:07
274,api_integration,2025-09-21 09:48:07
246,ai_assistant,2025-09-21 09:51:46
601,document_analysis,2025-09-21 09:57:47
642,document_analysis,2025-09-21 10:11:31
642,dashboard_view,2025-09-21 10:31:31
398,dashboard_view,2025-09-21 10:53:54
103,ai_assistant,2025-09-21 11:13:53
66,data_export,2025-09-21 11:22:39
641,api_integration,2025-09-21 11:23:46
66,document_analysis,2025-09-21 11:27:39
641,dashboard_view,2025-09-21 11:29:46
641,analytics_deep_dive,2025-09-21 11:34:46
659,sales_insights,2025-09-21 12:26:10
737,data_export,2025-09-21 12:42:30
737,custom_workflows,2025-09-21 12:52:30
737,analytics_deep_dive,2025-09-21 12:54:30
403,dashboard_view,2025-09-21 13:14:38
600,email_automation,2025-09-21 13:16:20
600,team_collaboration,2025-09-21 13:26:20
273,document_analysis,2025-09-21 14:20:28
273,analytics_deep_dive,2025-09-21 14:30:28
325,ai_assistant,2025-09-21 15:32:02
51,data_export,2025-09-21 16:40:16
51,api_integration,2025-09-21 16:43:16
340,dashboard_view,2025-09-21 17:08:11
729,document_analysis,2025-09-21 17:08:44
359,dashboard_view,2025-09-21 17:14:21
340,email_automation,2025-09-21 17:21:11
569,custom_workflows,2025-09-21 17:46:14
271,document_analysis,2025-09-21 17:48:02
569,dashboard_view,2025-09-21 17:54:14
272,ai_assistant,2025-09-21 18:10:14
272,document_analysis,2025-09-21 18:29:14
499,data_export,2025-09-21 19:01:42
738,data_export,2025-09-21 19:05:01
499,custom_workflows,2025-09-21 19:15:42
52,dashboard_view,2025-09-21 19:29:36
516,data_export,2025-09-21 19:31:07
516,analytics_deep_dive,2025-09-21 19:32:07
738,document_analysis,2025-09-21 19:33:01
245,ai_assistant,2025-09-21 19:34:04
551,dashboard_view,2025-09-21 19:40:11
551,document_analysis,2025-09-21 19:40:11
551,analytics_deep_dive,2025-09-21 19:42:11
4,team_collaboration,2025-09-21 19:49:27
500,custom_workflows,2025-09-21 19:50:04
500,api_integration,2025-09-21 19:55:04
4,dashboard_view,2025-09-21 19:57:27
52,document_analysis,2025-09-21 20:04:36
675,ai_assistant,2025-09-21 20:08:09
500,analytics_deep_dive,2025-09-21 20:10:04
5,document_analysis,2025-09-21 20:31:47
754,dashboard_view,2025-09-21 20:51:56
753,document_analysis,2025-09-21 20:54:28
753,api_integration,2025-09-21 20:55:28
754,document_analysis,2025-09-21 20:55:56
754,analytics_deep_dive,2025-09-21 20:58:56
570,api_integration,2025-09-21 21:23:08
570,document_analysis,2025-09-21 21:49:08
187,team_collaboration,2025-09-21 21:58:36
448,ai_assistant,2025-09-22 08:30:30
448,email_automation,2025-09-22 08:34:30
707,custom_workflows,2025-09-22 08:41:07
707,document_analysis,2025-09-22 08:43:07
310,dashboard_view,2025-09-22 10:10:17
219,team_collaboration,2025-09-22 10:56:12
219,email_automation,2025-09-22 10:58:12
530,analytics_deep_dive,2025-09-22 11:11:28
530,document_analysis,2025-09-22 11:20:28
530,data_export,2025-09-22 11:21:28
602,document_analysis,2025-09-22 11:26:36
423,custom_workflows,2025-09-22 11:49:40
423,api_integration,2025-09-22 11:55:40
552,data_export,2025-09-22 12:54:27
488,ai_assistant,2025-09-22 12:57:09
67,data_export,2025-09-22 12:59:35
488,email_automation,2025-09-22 13:03:09
552,api_integration,2025-09-22 13:10:27
67,document_analysis,2025-09-22 13:11:35
786,analytics_deep_dive,2025-09-22 13:48:04
786,custom_workflows,2025-09-22 13:52:04
677,dashboard_view,2025-09-22 13:53:18
786,document_analysis,2025-09-22 13:55:04
104,ai_assistant,2025-09-22 13:55:08
7,email_automation,2025-09-22 14:18:26
677,email_automation,2025-09-22 14:19:18
447,document_analysis,2025-09-22 14:28:23
447,ai_assistant,2025-09-22 14:29:23
311,ai_assistant,2025-09-22 14:38:39
7,ai_assistant,2025-09-22 14:45:26
683,ai_assistant,2025-09-22 15:04:28
129,document_analysis,2025-09-22 15:11:37
501,document_analysis,2025-09-22 15:13:30
128,analytics_deep_dive,2025-09-22 15:22:04
196,sales_insights,2025-09-22 15:22:37
501,dashboard_view,2025-09-22 15:30:30
128,custom_workflows,2025-09-22 15:34:04
128,api_integration,2025-09-22 15:34:04
129,analytics_deep_dive,2025-09-22 15:57:37
220,document_analysis,2025-09-22 15:57:59
129,dashboard_view,2025-09-22 15:58:37
6,document_analysis,2025-09-22 16:00:49
220,dashboard_view,2025-09-22 16:12:59
603,team_collaboration,2025-09-22 16:15:34
6,dashboard_view,2025-09-22 16:15:49
676,email_automation,2025-09-22 16:19:53
374,dashboard_view,2025-09-22 16:22:24
787,document_analysis,2025-09-22 17:18:57
787,analytics_deep_dive,2025-09-22 17:19:57
787,api_integration,2025-09-22 17:31:57
68,custom_workflows,2025-09-22 17:42:42
68,dashboard_view,2025-09-22 17:59:42
566,ai_assistant,2025-09-22 18:28:30
768,team_collaboration,2025-09-22 18:41:40
768,dashboard_view,2025-09-22 18:42:40
112,team_collaboration,2025-09-22 19:21:15
362,dashboard_view,2025-09-22 19:38:40
362,email_automation,2025-09-22 19:55:40
489,dashboard_view,2025-09-22 21:27:48
529,api_integration,2025-09-22 21:31:58
489,ai_assistant,2025-09-22 21:32:48
363,ai_assistant,2025-09-22 21:36:42
529,custom_workflows,2025-09-22 21:49:58
329,document_analysis,2025-09-23 08:21:56
69,custom_workflows,2025-09-23 08:45:30
69,analytics_deep_dive,2025-09-23 08:48:30
69,data_export,2025-09-23 09:08:30
424,api_integration,2025-09-23 09:13:23
424,custom_workflows,2025-09-23 09:25:23
502,api_integration,2025-09-23 09:47:49
424,document_analysis,2025-09-23 09:48:23
197,dashboard_view,2025-09-23 09:51:21
502,document_analysis,2025-09-23 09:52:49
502,custom_workflows,2025-09-23 10:04:49
8,dashboard_view,2025-09-23 11:00:22
8,ai_assistant,2025-09-23 11:05:22
461,dashboard_view,2025-09-23 12:30:01
454,ai_assistant,2025-09-23 12:43:47
454,email_automation,2025-09-23 12:49:47
221,document_analysis,2025-09-23 13:36:49
503,api_integration,2025-09-23 15:11:03
503,data_export,2025-09-23 15:13:03
612,sales_insights,2025-09-23 18:19:32
604,dashboard_view,2025-09-23 18:33:28
605,document_analysis,2025-09-23 20:46:16
739,custom_workflows,2025-09-23 20:47:56
739,data_export,2025-09-23 20:49:56
739,api_integration,2025-09-23 20:49:56
780,sales_insights,2025-09-23 20:52:31
222,ai_assistant,2025-09-23 21:28:17
644,api_integration,2025-09-23 21:40:48
644,dashboard_view,2025-09-23 21:51:48
643,api_integration,2025-09-23 21:54:11
644,custom_workflows,2025-09-23 21:57:48
643,data_export,2025-09-23 22:05:11
531,analytics_deep_dive,2025-09-24 08:37:35
531,dashboard_view,2025-09-24 08:46:35
360,dashboard_view,2025-09-24 08:56:35
531,document_analysis,2025-09-24 08:56:35
473,ai_assistant,2025-09-24 09:40:06
473,email_automation,2025-09-24 09:48:06
756,data_export,2025-09-24 10:15:50
756,api_integration,2025-09-24 10:17:50
756,dashboard_view,2025-09-24 10:19:50
40,dashboard_view,2025-09-24 10:20:00
40,document_analysis,2025-09-24 10:22:00
553,data_export,2025-09-24 11:37:19
275,custom_workflows,2025-09-24 11:38:58
275,document_analysis,2025-09-24 11:58:58
553,document_analysis,2025-09-24 12:27:19
295,team_collaboration,2025-09-24 12:41:15
393,dashboard_view,2025-09-24 12:59:24
781,document_analysis,2025-09-24 15:27:01
77,analytics_deep_dive,2025-09-24 15:27:17
77,api_integration,2025-09-24 15:30:17
345,team_collaboration,2025-09-24 15:39:20
77,document_analysis,2025-09-24 15:41:17
345,document_analysis,2025-09-24 15:46:20
679,dashboard_view,2025-09-24 16:21:51
78,analytics_deep_dive,2025-09-24 16:47:11
78,dashboard_view,2025-09-24 16:55:11
78,custom_workflows,2025-09-24 17:05:11
678,document_analysis,2025-09-24 18:04:23
678,team_collaboration,2025-09-24 18:13:23
567,dashboard_view,2025-09-24 18:37:36
517,document_analysis,2025-09-24 18:44:25
517,data_export,2025-09-24 18:57:25
156,data_export,2025-09-24 19:41:35
156,dashboard_view,2025-09-24 19:46:35
157,api_integration,2025-09-24 20:09:26
532,data_export,2025-09-24 20:16:28
532,analytics_deep_dive,2025-09-24 20:16:28
157,dashboard_view,2025-09-24 20:33:26
755,custom_workflows,2025-09-24 20:35:53
157,analytics_deep_dive,2025-09-24 20:38:26
755,analytics_deep_dive,2025-09-24 20:42:53
39,email_automation,2025-09-24 20:58:22
346,team_collaboration,2025-09-24 21:09:59
645,analytics_deep_dive,2025-09-25 08:37:16
645,dashboard_view,2025-09-25 08:45:16
645,custom_workflows,2025-09-25 08:49:16
35,document_analysis,2025-09-25 09:44:54
469,ai_assistant,2025-09-25 10:36:17
425,dashboard_view,2025-09-25 11:00:12
425,analytics_deep_dive,2025-09-25 11:19:12
646,analytics_deep_dive,2025-09-25 11:26:03
646,custom_workflows,2025-09-25 11:26:03
425,data_export,2025-09-25 11:29:12
646,dashboard_view,2025-09-25 11:34:03
455,team_collaboration,2025-09-25 11:37:58
455,document_analysis,2025-09-25 11:52:58
91,document_analysis,2025-09-25 11:58:49
91,api_integration,2025-09-25 12:06:49
178,data_export,2025-09-25 12:08:24
178,document_analysis,2025-09-25 12:10:24
91,dashboard_view,2025-09-25 12:15:49
788,data_export,2025-09-25 12:27:52
90,document_analysis,2025-09-25 12:32:25
788,dashboard_view,2025-09-25 12:35:52
178,analytics_deep_dive,2025-09-25 12:36:24
260,document_analysis,2025-09-25 12:37:57
260,team_collaboration,2025-09-25 12:43:57
691,api_integration,2025-09-25 12:48:20
691,custom_workflows,2025-09-25 12:48:20
90,analytics_deep_dive,2025-09-25 12:51:25
190,email_automation,2025-09-25 12:55:10
691,analytics_deep_dive,2025-09-25 12:55:20
189,dashboard_view,2025-09-25 13:18:22
189,team_collaboration,2025-09-25 13:43:22
53,document_analysis,2025-09-25 15:38:20
53,api_integration,2025-09-25 15:42:20
53,dashboard_view,2025-09-25 15:44:20
392,dashboard_view,2025-09-25 17:02:11
113,ai_assistant,2025-09-25 19:15:56
113,team_collaboration,2025-09-25 19:32:56
426,data_export,2025-09-25 20:59:17
456,ai_assistant,2025-09-25 21:11:12
426,dashboard_view,2025-09-25 21:26:17
456,team_collaboration,2025-09-25 21:44:12
177,analytics_deep_dive,2025-09-25 22:09:00
177,dashboard_view,2025-09-25 22:16:00
177,document_analysis,2025-09-25 22:22:00
428,dashboard_view,2025-09-26 09:18:20
428,document_analysis,2025-09-26 09:39:20
428,analytics_deep_dive,2025-09-26 09:43:20
115,team_collaboration,2025-09-26 11:25:25
115,dashboard_view,2025-09-26 11:27:25
534,dashboard_view,2025-09-26 12:09:43
179,data_export,2025-09-26 12:24:46
179,api_integration,2025-09-26 12:26:46
534,analytics_deep_dive,2025-09-26 12:36:43
534,document_analysis,2025-09-26 12:39:43
745,document_analysis,2025-09-26 13:03:34
533,data_export,2025-09-26 13:44:41
533,dashboard_view,2025-09-26 13:47:41
533,document_analysis,2025-09-26 13:57:41
54,document_analysis,2025-09-26 14:23:22
54,analytics_deep_dive,2025-09-26 14:31:22
54,custom_workflows,2025-09-26 14:33:22
470,sales_insights,2025-09-26 15:03:48
555,custom_workflows,2025-09-26 15:50:53
555,dashboard_view,2025-09-26 15:51:53
555,analytics_deep_dive,2025-09-26 16:03:53
647,api_integration,2025-09-26 16:05:11
647,dashboard_view,2025-09-26 16:10:11
647,document_analysis,2025-09-26 16:12:11
130,custom_workflows,2025-09-26 16:41:24
130,dashboard_view,2025-09-26 16:52:24
554,document_analysis,2025-09-26 16:58:50
427,data_export,2025-09-26 17:10:29
427,document_analysis,2025-09-26 17:11:29
554,data_export,2025-09-26 17:15:50
130,data_export,2025-09-26 17:33:24
131,dashboard_view,2025-09-26 19:41:10
131,data_export,2025-09-26 19:42:10
131,document_analysis,2025-09-26 19:44:10
571,dashboard_view,2025-09-26 19:49:01
571,data_export,2025-09-26 19:49:01
648,document_analysis,2025-09-26 20:25:57
648,custom_workflows,2025-09-26 20:27:57
55,document_analysis,2025-09-26 20:30:30
330,ai_assistant,2025-09-26 20:31:07
114,document_analysis,2025-09-26 20:39:35
648,dashboard_view,2025-09-26 20:40:57
55,custom_workflows,2025-09-26 20:47:30
63,ai_assistant,2025-09-26 21:20:23
740,custom_workflows,2025-09-26 21:28:13
740,document_analysis,2025-09-26 21:31:13
740,analytics_deep_dive,2025-09-26 21:33:13
557,document_analysis,2025-09-27 08:21:06
557,data_export,2025-09-27 08:22:06
557,custom_workflows,2025-09-27 08:23:06
9,team_collaboration,2025-09-27 08:41:31
692,analytics_deep_dive,2025-09-27 08:47:10
79,dashboard_view,2025-09-27 08:50:12
9,document_analysis,2025-09-27 08:50:31
79,custom_workflows,2025-09-27 08:54:12
692,custom_workflows,2025-09-27 08:59:10
692,document_analysis,2025-09-27 08:59:10
79,document_analysis,2025-09-27 09:13:12
556,api_integration,2025-09-27 09:30:49
556,dashboard_view,2025-09-27 09:31:49
556,data_export,2025-09-27 09:37:49
262,document_analysis,2025-09-27 10:22:37
191,ai_assistant,2025-09-27 10:36:34
420,ai_assistant,2025-09-27 10:39:27
262,email_automation,2025-09-27 11:01:37
429,document_analysis,2025-09-27 11:21:21
429,api_integration,2025-09-27 11:27:21
347,team_collaboration,2025-09-27 11:31:19
247,ai_assistant,2025-09-27 11:37:23
347,document_analysis,2025-09-27 11:49:19
192,dashboard_view,2025-09-27 12:14:18
261,team_collaboration,2025-09-27 13:13:57
261,dashboard_view,2025-09-27 13:24:57
758,data_export,2025-09-27 13:32:53
758,custom_workflows,2025-09-27 13:33:53
758,api_integration,2025-09-27 13:38:53
716,ai_assistant,2025-09-27 13:55:06
715,ai_assistant,2025-09-27 15:33:17
105,dashboard_view,2025-09-27 15:33:48
757,api_integration,2025-09-27 15:54:47
421,email_automation,2025-09-27 15:57:19
757,data_export,2025-09-27 16:03:47
757,document_analysis,2025-09-27 16:07:47
252,document_analysis,2025-09-27 16:12:52
288,dashboard_view,2025-09-27 16:18:28
288,email_automation,2025-09-27 16:21:28
535,custom_workflows,2025-09-27 16:25:01
313,team_collaboration,2025-09-27 16:25:07
535,analytics_deep_dive,2025-09-27 16:31:01
693,data_export,2025-09-27 16:36:18
693,dashboard_view,2025-09-27 16:42:18
80,dashboard_view,2025-09-27 16:44:30
80,custom_workflows,2025-09-27 16:48:30
693,api_integration,2025-09-27 16:51:18
296,email_automation,2025-09-27 16:54:50
80,api_integration,2025-09-27 16:57:30
312,team_collaboration,2025-09-27 16:59:08
312,dashboard_view,2025-09-27 17:22:08
16,api_integration,2025-09-27 17:36:00
16,custom_workflows,2025-09-27 17:42:00
166,dashboard_view,2025-09-27 18:25:58
289,email_automation,2025-09-27 18:56:33
725,sales_insights,2025-09-27 19:12:48
10,dashboard_view,2025-09-27 19:14:29
741,data_export,2025-09-27 19:54:18
741,analytics_deep_dive,2025-09-27 20:09:18
536,custom_workflows,2025-09-27 20:10:01
70,analytics_deep_dive,2025-09-27 20:10:14
292,sales_insights,2025-09-27 20:10:21
536,document_analysis,2025-09-27 20:15:01
70,dashboard_view,2025-09-27 20:15:14
536,dashboard_view,2025-09-27 20:19:01
741,document_analysis,2025-09-27 20:20:18
430,data_export,2025-09-27 20:22:26
70,custom_workflows,2025-09-27 20:25:14
430,api_integration,2025-09-27 20:32:26
57,data_export,2025-09-27 20:42:43
57,document_analysis,2025-09-27 20:43:43
57,custom_workflows,2025-09-27 20:43:43
56,analytics_deep_dive,2025-09-27 20:45:02
56,api_integration,2025-09-27 20:50:02
56,dashboard_view,2025-09-27 20:57:02
592,dashboard_view,2025-09-27 21:27:47
592,email_automation,2025-09-27 21:29:47
591,ai_assistant,2025-09-27 21:55:38
591,email_automation,2025-09-27 22:00:38
381,dashboard_view,2025-09-27 22:15:08
17,analytics_deep_dive,2025-09-27 22:32:55
17,document_analysis,2025-09-27 22:35:55
717,document_analysis,2025-09-28 08:36:26
717,email_automation,2025-09-28 08:38:26
193,ai_assistant,2025-09-28 09:38:19
193,email_automation,2025-09-28 09:38:19
718,email_automation,2025-09-28 09:55:43
718,team_collaboration,2025-09-28 10:07:43
431,document_analysis,2025-09-28 10:15:12
144,ai_assistant,2025-09-28 10:28:42
431,data_export,2025-09-28 10:43:12
384,dashboard_view,2025-09-28 10:47:17
384,api_integration,2025-09-28 11:02:17
384,document_analysis,2025-09-28 11:05:17
82,custom_workflows,2025-09-28 11:11:45
82,data_export,2025-09-28 11:12:45
504,analytics_deep_dive,2025-09-28 11:26:58
158,data_export,2025-09-28 11:29:05
504,document_analysis,2025-09-28 11:35:58
158,api_integration,2025-09-28 11:44:05
364,ai_assistant,2025-09-28 11:46:04
341,ai_assistant,2025-09-28 11:46:29
158,analytics_deep_dive,2025-09-28 12:13:05
159,custom_workflows,2025-09-28 12:31:12
159,data_export,2025-09-28 12:53:12
159,document_analysis,2025-09-28 13:01:12
298,ai_assistant,2025-09-28 13:30:09
81,custom_workflows,2025-09-28 13:37:02
371,ai_assistant,2025-09-28 13:42:42
790,api_integration,2025-09-28 13:43:07
790,analytics_deep_dive,2025-09-28 13:48:07
81,document_analysis,2025-09-28 13:49:02
81,data_export,2025-09-28 14:09:02
194,email_automation,2025-09-28 14:10:57
133,api_integration,2025-09-28 14:34:43
133,analytics_deep_dive,2025-09-28 14:39:43
133,document_analysis,2025-09-28 14:50:43
432,api_integration,2025-09-28 15:15:17
432,document_analysis,2025-09-28 15:23:17
789,api_integration,2025-09-28 15:35:16
432,dashboard_view,2025-09-28 15:37:17
789,data_export,2025-09-28 15:42:16
789,analytics_deep_dive,2025-09-28 16:02:16
253,document_analysis,2025-09-28 16:44:27
277,data_export,2025-09-28 17:54:47
537,dashboard_view,2025-09-28 17:57:23
277,dashboard_view,2025-09-28 18:04:47
276,data_export,2025-09-28 18:04:48
537,document_analysis,2025-09-28 18:06:23
276,dashboard_view,2025-09-28 18:08:48
276,custom_workflows,2025-09-28 18:09:48
277,api_integration,2025-09-28 18:19:47
537,api_integration,2025-09-28 18:34:23
631,document_analysis,2025-09-28 20:01:32
297,ai_assistant,2025-09-28 20:31:16
505,data_export,2025-09-28 20:38:05
505,document_analysis,2025-09-28 20:45:05
285,document_analysis,2025-09-28 21:03:47
132,api_integration,2025-09-28 22:00:55
342,dashboard_view,2025-09-28 22:04:40
132,analytics_deep_dive,2025-09-28 22:05:55
132,dashboard_view,2025-09-28 22:08:55
342,team_collaboration,2025-09-28 22:14:40
208,document_analysis,2025-09-29 08:27:43
208,analytics_deep_dive,2025-09-29 08:34:43
314,dashboard_view,2025-09-29 08:39:31
314,document_analysis,2025-09-29 08:42:31
746,dashboard_view,2025-09-29 09:04:28
207,api_integration,2025-09-29 09:14:50
348,team_collaboration,2025-09-29 09:20:42
207,analytics_deep_dive,2025-09-29 09:23:50
207,data_export,2025-09-29 09:28:50
348,email_automation,2025-09-29 09:50:42
543,ai_assistant,2025-09-29 10:28:05
263,dashboard_view,2025-09-29 10:53:46
613,sales_insights,2025-09-29 11:04:29
263,email_automation,2025-09-29 11:06:46
620,ai_assistant,2025-09-29 11:15:21
145,sales_insights,2025-09-29 11:20:18
620,document_analysis,2025-09-29 11:21:21
769,document_analysis,2025-09-29 12:53:21
315,dashboard_view,2025-09-29 13:17:01
315,ai_assistant,2025-09-29 13:27:01
619,dashboard_view,2025-09-29 13:32:41
619,ai_assistant,2025-09-29 13:35:41
466,dashboard_view,2025-09-29 13:47:56
18,dashboard_view,2025-09-29 14:39:27
18,document_analysis,2025-09-29 14:48:27
606,dashboard_view,2025-09-29 14:59:38
632,team_collaboration,2025-09-29 16:02:35
365,email_automation,2025-09-29 16:04:00
632,email_automation,2025-09-29 16:06:35
462,sales_insights,2025-09-29 16:12:08
365,team_collaboration,2025-09-29 16:17:00
349,team_collaboration,2025-09-29 16:29:08
224,team_collaboration,2025-09-29 16:39:10
349,email_automation,2025-09-29 16:40:08
394,ai_assistant,2025-09-29 16:40:50
519,analytics_deep_dive,2025-09-29 16:51:28
519,document_analysis,2025-09-29 16:55:28
519,dashboard_view,2025-09-29 16:57:28
19,document_analysis,2025-09-29 17:20:40
366,ai_assistant,2025-09-29 17:31:34
290,dashboard_view,2025-09-29 17:40:37
290,ai_assistant,2025-09-29 17:41:37
19,custom_workflows,2025-09-29 17:42:40
19,api_integration,2025-09-29 17:43:40
518,dashboard_view,2025-09-29 18:00:30
518,data_export,2025-09-29 18:04:30
223,ai_assistant,2025-09-29 18:19:49
518,document_analysis,2025-09-29 18:20:30
223,email_automation,2025-09-29 18:22:49
71,analytics_deep_dive,2025-09-29 18:23:49
71,custom_workflows,2025-09-29 18:28:49
650,api_integration,2025-09-29 19:05:48
650,analytics_deep_dive,2025-09-29 19:14:48
650,data_export,2025-09-29 19:19:48
385,data_export,2025-09-29 19:56:28
759,custom_workflows,2025-09-29 20:09:06
759,api_integration,2025-09-29 20:11:06
385,api_integration,2025-09-29 20:11:28
759,document_analysis,2025-09-29 20:15:06
607,ai_assistant,2025-09-29 20:36:29
649,analytics_deep_dive,2025-09-29 22:13:46
649,api_integration,2025-09-29 22:17:46
654,document_analysis,2025-09-30 08:18:06
558,custom_workflows,2025-09-30 08:34:56
558,dashboard_view,2025-09-30 08:39:56
116,team_collaboration,2025-09-30 08:43:37
322,sales_insights,2025-09-30 08:56:24
116,document_analysis,2025-09-30 08:56:37
558,data_export,2025-09-30 09:00:56
117,team_collaboration,2025-09-30 10:01:26
117,document_analysis,2025-09-30 10:02:26
449,document_analysis,2025-09-30 10:27:51
449,ai_assistant,2025-09-30 10:45:51
507,dashboard_view,2025-09-30 11:02:04
507,custom_workflows,2025-09-30 11:05:04
457,email_automation,2025-09-30 11:28:52
538,custom_workflows,2025-09-30 11:46:51
771,dashboard_view,2025-09-30 11:58:09
538,api_integration,2025-09-30 12:08:51
291,dashboard_view,2025-09-30 13:04:04
458,document_analysis,2025-09-30 16:21:02
458,email_automation,2025-09-30 16:24:02
539,analytics_deep_dive,2025-09-30 17:15:19
539,custom_workflows,2025-09-30 17:21:19
450,email_automation,2025-09-30 17:43:16
83,api_integration,2025-09-30 18:13:34
83,dashboard_view,2025-09-30 18:20:34
506,data_export,2025-09-30 19:03:02
506,analytics_deep_dive,2025-09-30 19:05:02
506,custom_workflows,2025-09-30 19:06:02
318,sales_insights,2025-09-30 19:21:23
770,dashboard_view,2025-09-30 19:26:58
791,analytics_deep_dive,2025-09-30 20:06:58
791,data_export,2025-09-30 20:08:58
791,dashboard_view,2025-09-30 20:25:58
684,document_analysis,2025-10-01 08:45:55
11,document_analysis,2025-10-01 10:05:17
134,analytics_deep_dive,2025-10-01 10:40:23
134,document_analysis,2025-10-01 10:44:23
36,team_collaboration,2025-10-01 11:01:24
36,dashboard_view,2025-10-01 11:07:24
93,api_integration,2025-10-01 13:02:21
93,custom_workflows,2025-10-01 13:03:21
92,api_integration,2025-10-01 13:19:22
92,custom_workflows,2025-10-01 13:26:22
92,data_export,2025-10-01 13:47:22
459,team_collaboration,2025-10-01 14:21:54
459,ai_assistant,2025-10-01 14:22:54
651,dashboard_view,2025-10-01 14:37:51
651,api_integration,2025-10-01 14:38:51
559,api_integration,2025-10-01 14:41:17
651,document_analysis,2025-10-01 14:44:51
135,api_integration,2025-10-01 14:45:46
559,analytics_deep_dive,2025-10-01 14:46:17
135,dashboard_view,2025-10-01 14:47:46
773,document_analysis,2025-10-01 15:38:54
773,email_automation,2025-10-01 16:00:54
180,custom_workflows,2025-10-01 17:03:50
180,document_analysis,2025-10-01 17:07:50
180,api_integration,2025-10-01 17:12:50
760,document_analysis,2025-10-01 17:26:11
760,dashboard_view,2025-10-01 17:28:11
760,custom_workflows,2025-10-01 17:30:11
609,document_analysis,2025-10-01 18:04:16
609,team_collaboration,2025-10-01 18:12:16
278,data_export,2025-10-01 19:09:28
278,custom_workflows,2025-10-01 19:14:28
319,sales_insights,2025-10-01 19:32:23
467,sales_insights,2025-10-01 19:56:41
386,data_export,2025-10-01 19:59:30
386,dashboard_view,2025-10-01 20:03:30
386,api_integration,2025-10-01 20:09:30
608,dashboard_view,2025-10-01 20:36:19
608,ai_assistant,2025-10-01 20:40:19
328,sales_insights,2025-10-01 21:26:27
772,email_automation,2025-10-01 21:41:53
772,dashboard_view,2025-10-01 22:05:53
661,ai_assistant,2025-10-01 22:13:15
792,api_integration,2025-10-02 08:14:06
792,data_export,2025-10-02 08:30:06
119,email_automation,2025-10-02 09:16:24
119,document_analysis,2025-10-02 09:20:24
326,document_analysis,2025-10-02 13:34:44
137,dashboard_view,2025-10-02 13:51:25
137,api_integration,2025-10-02 13:56:25
137,document_analysis,2025-10-02 14:00:25
475,email_automation,2025-10-02 14:43:20
248,email_automation,2025-10-02 16:06:17
621,email_automation,2025-10-02 17:29:15
136,analytics_deep_dive,2025-10-02 17:41:42
136,custom_workflows,2025-10-02 17:45:42
136,document_analysis,2025-10-02 17:48:42
742,data_export,2025-10-02 17:49:17
742,document_analysis,2025-10-02 17:51:17
474,document_analysis,2025-10-02 17:58:06
622,ai_assistant,2025-10-02 18:34:38
225,team_collaboration,2025-10-02 18:45:52
72,data_export,2025-10-02 19:03:22
72,analytics_deep_dive,2025-10-02 19:05:22
72,dashboard_view,2025-10-02 19:11:22
433,api_integration,2025-10-02 19:47:50
433,document_analysis,2025-10-02 20:04:50
433,data_export,2025-10-02 20:27:50
118,email_automation,2025-10-02 21:05:45
167,document_analysis,2025-10-02 21:57:18
94,api_integration,2025-10-03 08:15:26
94,analytics_deep_dive,2025-10-03 08:15:26
94,document_analysis,2025-10-03 08:19:26
634,document_analysis,2025-10-03 08:33:38
633,document_analysis,2025-10-03 08:38:20
633,team_collaboration,2025-10-03 08:39:20
181,data_export,2025-10-03 09:28:37
572,data_export,2025-10-03 09:30:36
181,document_analysis,2025-10-03 09:30:37
181,dashboard_view,2025-10-03 09:30:37
743,custom_workflows,2025-10-03 09:49:51
572,document_analysis,2025-10-03 09:50:36
572,api_integration,2025-10-03 09:50:36
743,api_integration,2025-10-03 09:59:51
20,dashboard_view,2025-10-03 10:03:55
743,document_analysis,2025-10-03 10:10:51
160,analytics_deep_dive,2025-10-03 10:28:28
160,api_integration,2025-10-03 10:38:28
160,custom_workflows,2025-10-03 10:38:28
20,document_analysis,2025-10-03 10:45:55
561,data_export,2025-10-03 11:13:15
85,analytics_deep_dive,2025-10-03 11:22:38
560,document_analysis,2025-10-03 11:24:09
560,dashboard_view,2025-10-03 11:25:09
85,dashboard_view,2025-10-03 11:25:38
561,document_analysis,2025-10-03 11:28:15
300,team_collaboration,2025-10-03 11:40:25
85,custom_workflows,2025-10-03 11:44:38
300,ai_assistant,2025-10-03 11:49:25
508,api_integration,2025-10-03 13:45:31
508,data_export,2025-10-03 13:50:31
508,analytics_deep_dive,2025-10-03 13:52:31
299,team_collaboration,2025-10-03 15:10:45
299,ai_assistant,2025-10-03 15:13:45
161,custom_workflows,2025-10-03 15:33:21
161,data_export,2025-10-03 15:35:21
161,dashboard_view,2025-10-03 15:37:21
139,custom_workflows,2025-10-03 16:45:19
139,analytics_deep_dive,2025-10-03 16:47:19
139,data_export,2025-10-03 17:03:19
42,document_analysis,2025-10-03 17:08:02
573,dashboard_view,2025-10-03 17:37:51
573,custom_workflows,2025-10-03 17:41:51
41,document_analysis,2025-10-03 17:46:45
744,api_integration,2025-10-03 18:44:46
744,analytics_deep_dive,2025-10-03 18:51:46
509,analytics_deep_dive,2025-10-03 18:52:05
744,document_analysis,2025-10-03 18:55:46
775,dashboard_view,2025-10-03 19:12:16
509,api_integration,2025-10-03 19:17:05
84,api_integration,2025-10-03 19:20:59
509,data_export,2025-10-03 19:21:05
84,dashboard_view,2025-10-03 19:22:59
775,document_analysis,2025-10-03 19:28:16
708,document_analysis,2025-10-03 19:51:25
708,custom_workflows,2025-10-03 19:57:25
708,data_export,2025-10-03 19:58:25
138,document_analysis,2025-10-03 20:09:19
138,dashboard_view,2025-10-03 20:10:19
774,document_analysis,2025-10-03 21:03:09
182,api_integration,2025-10-03 21:51:30
182,dashboard_view,2025-10-03 22:05:30
254,dashboard_view,2025-10-04 08:14:35
574,dashboard_view,2025-10-04 08:40:29
574,document_analysis,2025-10-04 08:44:29
13,email_automation,2025-10-04 09:05:52
350,team_collaboration,2025-10-04 09:14:41
210,api_integration,2025-10-04 09:16:08
95,document_analysis,2025-10-04 09:17:24
95,data_export,2025-10-04 09:25:24
210,analytics_deep_dive,2025-10-04 09:27:08
210,dashboard_view,2025-10-04 09:27:08
511,analytics_deep_dive,2025-10-04 09:46:01
511,document_analysis,2025-10-04 09:50:01
511,custom_workflows,2025-10-04 09:53:01
652,analytics_deep_dive,2025-10-04 09:56:22
652,dashboard_view,2025-10-04 10:01:22
96,analytics_deep_dive,2025-10-04 10:11:33
96,document_analysis,2025-10-04 10:26:33
655,sales_insights,2025-10-04 12:22:08
183,custom_workflows,2025-10-04 12:47:57
183,analytics_deep_dive,2025-10-04 12:59:57
183,api_integration,2025-10-04 13:08:57
22,document_analysis,2025-10-04 14:00:48
21,custom_workflows,2025-10-04 14:09:54
21,analytics_deep_dive,2025-10-04 14:11:54
21,dashboard_view,2025-10-04 14:11:54
22,api_integration,2025-10-04 14:18:48
510,api_integration,2025-10-04 14:34:37
12,document_analysis,2025-10-04 14:57:50
510,custom_workflows,2025-10-04 15:00:37
12,ai_assistant,2025-10-04 15:00:50
510,document_analysis,2025-10-04 15:04:37
476,ai_assistant,2025-10-04 15:47:30
476,document_analysis,2025-10-04 16:02:30
209,analytics_deep_dive,2025-10-04 16:46:46
209,api_integration,2025-10-04 16:51:46
184,data_export,2025-10-04 16:53:35
184,analytics_deep_dive,2025-10-04 16:53:35
624,ai_assistant,2025-10-04 17:00:33
209,data_export,2025-10-04 17:10:46
184,custom_workflows,2025-10-04 17:12:35
264,document_analysis,2025-10-04 18:00:23
623,document_analysis,2025-10-04 18:00:25
264,team_collaboration,2025-10-04 18:07:23
293,dashboard_view,2025-10-04 18:44:14
279,analytics_deep_dive,2025-10-04 19:42:12
279,data_export,2025-10-04 19:54:12
279,api_integration,2025-10-04 19:54:12
351,team_collaboration,2025-10-04 20:31:18
351,ai_assistant,2025-10-04 20:53:18
59,dashboard_view,2025-10-05 08:02:44
59,custom_workflows,2025-10-05 08:15:44
59,data_export,2025-10-05 08:17:44
540,analytics_deep_dive,2025-10-05 09:56:28
540,document_analysis,2025-10-05 10:03:28
709,dashboard_view,2025-10-05 12:26:24
709,custom_workflows,2025-10-05 12:42:24
87,analytics_deep_dive,2025-10-05 13:23:58
87,document_analysis,2025-10-05 13:27:58
87,data_export,2025-10-05 13:39:58
250,document_analysis,2025-10-05 13:40:43
520,api_integration,2025-10-05 14:36:04
520,data_export,2025-10-05 14:52:04
520,document_analysis,2025-10-05 14:54:04
86,api_integration,2025-10-05 15:48:47
86,custom_workflows,2025-10-05 15:54:47
86,document_analysis,2025-10-05 15:59:47
521,dashboard_view,2025-10-05 17:42:51
710,dashboard_view,2025-10-05 17:47:41
249,dashboard_view,2025-10-05 17:56:21
710,api_integration,2025-10-05 17:57:41
710,data_export,2025-10-05 18:05:41
521,custom_workflows,2025-10-05 18:06:51
541,dashboard_view,2025-10-05 19:19:04
541,document_analysis,2025-10-05 19:34:04
352,dashboard_view,2025-10-05 21:44:52
58,data_export,2025-10-05 21:52:28
58,api_integration,2025-10-05 22:07:28
58,dashboard_view,2025-10-05 22:26:28
719,dashboard_view,2025-10-06 12:22:02
226,ai_assistant,2025-10-06 12:32:35
719,email_automation,2025-10-06 12:34:02
226,team_collaboration,2025-10-06 12:48:35
761,analytics_deep_dive,2025-10-06 14:01:18
761,dashboard_view,2025-10-06 14:03:18
544,dashboard_view,2025-10-06 17:21:54
361,sales_insights,2025-10-06 18:17:03
43,email_automation,2025-10-06 19:59:07
43,ai_assistant,2025-10-06 20:06:07
635,ai_assistant,2025-10-06 21:12:16
635,team_collaboration,2025-10-06 21:16:16
301,email_automation,2025-10-06 21:53:34
301,dashboard_view,2025-10-06 22:04:34
280,dashboard_view,2025-10-07 08:27:01
280,data_export,2025-10-07 09:02:01
280,api_integration,2025-10-07 09:11:01
478,email_automation,2025-10-07 12:00:32
478,team_collaboration,2025-10-07 12:02:32
97,api_integration,2025-10-07 12:25:59
97,data_export,2025-10-07 12:28:59
477,dashboard_view,2025-10-07 15:44:04
463,dashboard_view,2025-10-07 15:55:28
162,analytics_deep_dive,2025-10-07 16:23:47
162,custom_workflows,2025-10-07 16:23:47
162,document_analysis,2025-10-07 16:37:47
98,api_integration,2025-10-07 17:05:45
98,dashboard_view,2025-10-07 17:09:45
98,data_export,2025-10-07 17:12:45
576,analytics_deep_dive,2025-10-07 17:27:18
576,document_analysis,2025-10-07 17:37:18
576,custom_workflows,2025-10-07 18:00:18
522,analytics_deep_dive,2025-10-07 19:21:36
522,data_export,2025-10-07 19:40:36
522,dashboard_view,2025-10-07 19:41:36
281,custom_workflows,2025-10-07 20:09:29
281,data_export,2025-10-07 20:38:29
435,document_analysis,2025-10-07 21:22:24
435,analytics_deep_dive,2025-10-07 21:27:24
435,api_integration,2025-10-07 21:39:24
434,api_integration,2025-10-07 21:41:21
434,data_export,2025-10-07 21:42:21
575,data_export,2025-10-07 21:54:49
575,api_integration,2025-10-07 21:56:49
575,analytics_deep_dive,2025-10-07 22:22:49
720,document_analysis,2025-10-08 09:55:36
721,ai_assistant,2025-10-08 09:55:58
721,email_automation,2025-10-08 10:12:58
471,sales_insights,2025-10-08 12:02:18
44,dashboard_view,2025-10-08 14:26:06
636,email_automation,2025-10-08 15:20:12
367,dashboard_view,2025-10-08 15:39:47
302,ai_assistant,2025-10-08 15:42:08
302,dashboard_view,2025-10-08 15:47:08
367,email_automation,2025-10-08 15:47:47
636,dashboard_view,2025-10-08 15:56:12
303,email_automation,2025-10-08 16:50:19
303,document_analysis,2025-10-08 16:50:19
60,document_analysis,2025-10-08 17:42:36
60,api_integration,2025-10-08 18:00:36
61,custom_workflows,2025-10-08 18:09:19
227,document_analysis,2025-10-08 18:24:36
61,data_export,2025-10-08 18:32:19
577,api_integration,2025-10-08 20:44:24
577,custom_workflows,2025-10-08 21:31:24
723,team_collaboration,2025-10-09 12:14:12
100,dashboard_view,2025-10-09 13:00:14
100,data_export,2025-10-09 13:12:14
15,team_collaboration,2025-10-09 17:21:20
578,api_integration,2025-10-09 17:23:29
578,custom_workflows,2025-10-09 17:39:29
354,dashboard_view,2025-10-09 18:10:44
354,ai_assistant,2025-10-09 18:11:44
722,document_analysis,2025-10-09 18:30:22
353,team_collaboration,2025-10-09 18:30:31
776,document_analysis,2025-10-09 18:47:05
14,email_automation,2025-10-09 18:54:15
14,ai_assistant,2025-10-09 19:02:15
99,custom_workflows,2025-10-09 19:55:14
99,dashboard_view,2025-10-09 19:57:14
436,data_export,2025-10-09 20:04:53
99,api_integration,2025-10-09 20:19:14
436,api_integration,2025-10-09 20:20:53
436,dashboard_view,2025-10-09 20:41:53
356,document_analysis,2025-10-10 09:40:25
356,ai_assistant,2025-10-10 09:55:25
523,data_export,2025-10-10 10:52:54
523,custom_workflows,2025-10-10 10:54:54
523,dashboard_view,2025-10-10 10:59:54
762,document_analysis,2025-10-10 11:19:46
762,data_export,2025-10-10 11:22:46
388,custom_workflows,2025-10-10 12:50:52
388,data_export,2025-10-10 12:59:52
23,analytics_deep_dive,2025-10-10 13:26:53
23,api_integration,2025-10-10 13:30:53
355,ai_assistant,2025-10-10 13:42:24
355,document_analysis,2025-10-10 13:48:24
387,custom_workflows,2025-10-10 15:04:20
387,analytics_deep_dive,2025-10-10 15:44:20
480,dashboard_view,2025-10-10 17:05:17
479,ai_assistant,2025-10-10 17:12:53
479,email_automation,2025-10-10 17:14:53
88,dashboard_view,2025-10-10 18:09:02
88,custom_workflows,2025-10-10 18:13:02
88,data_export,2025-10-10 18:28:02
228,dashboard_view,2025-10-10 18:35:50
89,document_analysis,2025-10-10 19:36:56
89,analytics_deep_dive,2025-10-10 19:48:56
524,document_analysis,2025-10-10 19:49:15
524,api_integration,2025-10-10 20:00:15
229,team_collaboration,2025-10-10 21:16:17
229,dashboard_view,2025-10-10 21:16:17
